variant,seed,parameters,best_val_loss,test_loss
block_af,1,25587200,0.9012451171875,0.9167582392692566
block_af_no_mid_ln,1,25587200,0.9390423893928528,0.9540746808052063
block_af_no_mid_ln_no_wo,1,23485952,0.9246762990951538,0.9383224248886108
block_af,2,25587200,0.912979245185852,0.9298641085624695
block_af_no_mid_ln,2,25587200,0.9439857602119446,0.9604004621505737
block_af_no_mid_ln_no_wo,2,23485952,0.9281890988349915,0.9448366165161133
