n_head,variant,best_val_loss_delta_mean,best_val_loss_delta_std,test_loss_delta_mean,test_loss_delta_std,n
1,standard,0.0207519,0.00121037,0.0214259,0.00110269,2
2,standard,0.00903669,0.00343712,0.00861445,0.00301734,2
4,standard,0.00121072,0.00235259,0.00211808,0.00296212,2
16,standard,-0.00125846,0.000889762,-0.00159183,0.00210907,2
32,standard,0.00391796,0.00253745,0.00249842,0.00245425,2
64,standard,0.0151247,0.00300313,0.0116924,0.00222565,2
128,standard,0.0333936,0.00318858,0.0294532,0.00423985,2
256,standard,0.0524999,0.00179706,0.04796,0.00293414,2
512,standard,0.0676828,0.00283256,0.0652083,0.00399093,2
